{

    "menu":[
        {
            "MenuName":"love",
            "MenuLink":"love.html",
            "Menus":[
                {
                    "MenuName":"things",
                    "MenuLink":"things.html",
                    "Menus":[
                        {
                            "MenuName":"books",
                            "MenuLink":"books.html",
                            "Menus":{
                            }
                        },
                        {
                            "MenuName":"music",
                            "MenuLink":"music.html",
                            "Menus":{
                            }
                        },
                        {
                            "MenuName":"movies",
                            "MenuLink":"movies.html",
                            "Menus":{
                            }
                        },
                        {
                            "MenuName":"websites",
                            "MenuLink":"websites.html",
                            "Menus":{
                            }
                        }
                    ]
                },
                {
                    "MenuName":"people",
                    "MenuLink":"people.html",
                    "Menus":[
                        {
                            "MenuName":"family",
                            "MenuLink":"family.html",
                            "Menus":{
                            }
                        },
                        {
                            "MenuName":"friends",
                            "MenuLink":"friends.html",
                            "Menus":{
                            }
                        },
                        {
                            "MenuName":"others",
                            "MenuLink":"others.html",
                            "Menus":{
                            }
                        }
                    ]
                }
            ]
        },
        {
            "MenuName":"who",
            "MenuLink":"who.html",
            "Menus":[
                {
                    "MenuName":"i",
                    "MenuLink":"i.html",
                    "Menus":[
                        {
                            "MenuName":"was then",
                            "MenuLink":"was_then.html",
                            "Menus":{
                            }
                        },
                        {
                            "MenuName":"am now",
                            "MenuLink":"am_now.html",
                            "Menus":{
                            }
                        },
                        {
                            "MenuName":"will be",
                            "MenuLink":"will_be.html",
                            "Menus":{
                            }
                        }
                    ]
                }
            ]
        },
        {
            "MenuName":"challenges",
            "MenuLink":"challenges.html",
            "Menus":[
                        {
                            "MenuName":"behind me",
                            "MenuLink":"behind_me.html",
                            "Menus":{
                            }
                        },
                        {
                            "MenuName":"ahead of me",
                            "MenuLink":"ahead_of_me.html",
                            "Menus":{
                            }
                        }

			]
        },
        {
            "MenuName":"you",
            "MenuLink":"you.html",
            "Menus":[
                        {
                            "MenuName":"profile",
                            "MenuLink":"profile.html",
                            "Menus":{
                            }
                        },
                        {
                            "MenuName":"settings",
                            "MenuLink":"settings.html",
                            "Menus":{
                            }
                        }
                    ]
        }
    ]

}